{"呼和浩特市":[111.6708,40.81831],"兴安盟":[122.07032,46.07627],"乌海市":[106.82556,39.67373],"呼伦贝尔市":[119.75817,49.21533],"赤峰市":[118.9568,42.27532],"通辽市":[122.26312,43.61743],"包头市":[109.84041,40.65817],"巴彦淖尔市":[107.41696,40.7574],"阿拉善盟":[105.70642,38.84481],"鄂尔多斯市":[109.99029,39.81718],"乌兰察布市":[113.11454,41.03413],"锡林郭勒盟":[116.091,43.94402],"东城区":[116.41876,39.91754],"和平区":[117.19591,39.11833],"烟台市":[121.39138,37.5393],"东营市":[118.66471,37.43456],"菏泽市":[115.46938,35.24653],"临沂市":[118.32645,35.06528],"聊城市":[115.98037,36.45601],"德州市":[116.30743,37.45397],"济南市":[117.00092,36.67581],"淄博市":[118.04765,36.81494],"青岛市":[120.35517,36.08298],"枣庄市":[117.55796,34.85642],"滨州市":[118.01698,37.38354],"莱芜市":[117.67773,36.2144],"日照市":[119.46121,35.42859],"威海市":[122.11639,37.50969],"济宁市":[116.58724,35.41539],"泰安市":[117.12907,36.19497],"潍坊市":[119.10708,36.70925],"秦皇岛市":[119.58658,39.94253],"石家庄市":[114.50246,38.04548],"唐山市":[118.17539,39.63511],"衡水市":[115.66599,37.7351],"邯郸市":[114.49068,36.61227],"廊坊市":[116.70444,39.52393],"沧州市":[116.85746,38.31058],"张家口市":[114.88409,40.8119],"承德市":[117.93916,40.9762],"保定市":[115.48233,38.86766],"邢台市":[114.50885,37.0682],"太原市":[112.54925,37.85701],"临汾市":[111.51798,36.08415],"晋中市":[112.73646,37.69649],"吕梁市":[111.13434,37.52436],"忻州市":[112.73354,38.41769],"晋城市":[112.85127,35.49755],"朔州市":[112.43339,39.33126],"长治市":[113.11356,36.19111],"阳泉市":[113.58328,37.86119],"大同市":[113.29526,40.09031],"运城市":[111.00396,35.02278],"芜湖市":[118.37645,31.32632],"合肥市":[117.28304,31.86119],"蚌埠市":[117.36323,32.93967],"亳州市":[115.78294,33.86934],"池州市":[117.48916,30.65604],"宣城市":[118.758,30.94567],"六安市":[116.50768,31.75289],"宿州市":[116.98408,33.63389],"滁州市":[118.31626,32.30363],"阜阳市":[115.81973,32.89697],"黄山市":[118.31732,29.70924],"安庆市":[117.04355,30.50883],"铜陵市":[117.81657,30.92994],"马鞍山市":[118.5079,31.68936],"淮北市":[116.79466,33.97171],"淮南市":[117.01833,32.64758],"黄浦区":[121.49032,31.22277],"南京市":[118.76741,32.04155],"无锡市":[120.30167,31.57473],"扬州市":[119.421,32.39316],"盐城市":[120.14,33.37763],"宿迁市":[118.27516,33.96301],"淮安市":[119.02126,33.59751],"连云港市":[119.17882,34.60002],"南通市":[120.86461,32.01621],"苏州市":[120.61958,31.29938],"徐州市":[117.18481,34.26179],"常州市":[119.94698,31.77275],"镇江市":[119.45275,32.2044],"泰州市":[119.91518,32.48488],"湖州市":[120.1024,30.8672],"杭州市":[120.15358,30.28746],"嘉兴市":[120.75086,30.76265],"宁波市":[121.54979,29.86839],"温州市":[120.67211,28.00057],"绍兴市":[120.58212,29.99712],"台州市":[121.4286,28.66138],"舟山市":[122.10686,30.01603],"丽水市":[119.92178,28.45199],"金华市":[119.64951,29.08952],"衢州市":[118.87263,28.94171],"福州市":[119.30624,26.0753],"厦门市":[118.11022,24.49048],"三明市":[117.635,26.26544],"南平市":[118.17846,26.63563],"漳州市":[117.6618,24.5109],"泉州市":[118.58942,24.90885],"宁德市":[119.52708,26.65924],"莆田市":[119.00756,25.43101],"龙岩市":[117.02978,25.0916],"三亚市":[109.50827,18.24787],"海口市":[110.33119,20.03197],"儋州市":[109.57678,19.51749],"广州":[113.28064,23.12518],"韶关":[113.59154,24.80132],"揭阳":[116.35574,23.54378],"潮州":[116.6323,23.6617],"中山":[113.38239,22.52111],"东莞":[113.74626,23.04624],"清远":[113.05122,23.68502],"阳江":[111.9751,21.85922],"河源":[114.6978,23.74627],"汕尾":[115.36423,22.77448],"梅州":[116.11758,24.29911],"惠州":[114.4126,23.07941],"云浮":[112.04444,22.9298],"肇庆":[112.47253,23.05155],"茂名":[110.91923,21.65975],"湛江":[110.36498,21.2749],"佛山":[113.12272,23.02876],"江门":[113.09494,22.59043],"珠海":[113.55399,22.22498],"汕头":[116.70847,23.37102],"深圳":[114.08594,22.547],"南宁市":[108.32001,22.82402],"柳州市":[109.4117,24.31462],"梧州市":[111.29761,23.4748],"玉林市":[110.1544,22.63136],"北海市":[109.11925,21.47334],"防城港市":[108.34547,21.61463],"桂林市":[110.29912,25.27422],"百色市":[106.61629,23.89774],"崇左市":[107.35393,22.40411],"贺州市":[111.55205,24.41414],"来宾市":[109.22977,23.73377],"贵港市":[109.60214,23.0936],"钦州市":[108.62418,21.96713],"河池市":[108.0621,24.6959],"西宁市":[101.77891,36.62318],"海北藏族自治州":[100.90106,36.95943],"海东市":[102.10327,36.50291],"黄南藏族自治州":[102.01999,35.51774],"海南藏族自治州":[100.61955,36.28035],"果洛藏族自治州":[100.24214,34.4736],"海西蒙古族藏族自治州":[97.37079,37.37466],"玉树藏族自治州":[97.00852,33.00405],"格尔木市 ":[0,0],"宜昌市":[111.29084,30.70264],"武汉市":[114.29857,30.58435],"襄樊市":[112.14415,32.04243],"黄石市":[115.07705,30.22007],"恩施市":[109.48699,30.28311],"十堰市":[110.78792,32.64691],"仙桃市":[113.45397,30.36495],"荆州市":[112.23813,30.32686],"黄冈市":[114.87936,30.44771],"咸宁市":[114.32896,29.8328],"孝感市":[113.92666,30.92642],"荆门市":[112.20425,31.03542],"鄂州市":[114.89059,30.39654],"随州市":[113.37377,31.7175],"长沙市":[112.98228,28.19409],"衡阳市":[112.6077,26.90036],"株洲市":[113.15173,27.83581],"常德市":[111.69134,29.04022],"岳阳市":[113.13286,29.37029],"邵阳市":[111.46923,27.23784],"张家界市":[110.47992,29.1274],"湘潭市":[112.94405,27.82973],"娄底市":[112.0085,27.72814],"湘西自治":[109.73974,28.3143],"永州市":[111.60802,26.43452],"怀化市":[109.97824,27.55008],"益阳市":[112.35504,28.57007],"郴州市":[113.03207,25.79359],"萍乡市":[113.85219,27.62295],"南昌市":[115.89215,28.67649],"新余市":[114.93083,27.81084],"鹰潭市":[117.03384,28.23864],"景德镇市":[117.21466,29.29256],"九江市":[115.99281,29.71203],"抚州市":[116.35835,27.98385],"赣州市":[114.94028,25.85097],"上饶市":[117.97118,28.44442],"吉安市":[114.98637,27.1117],"宜春市":[114.39114,27.8043],"郑州市":[113.66541,34.75798],"开封市":[114.34145,34.79705],"洛阳市":[112.43447,34.66304],"平顶山市":[113.30772,33.73524],"商丘市":[115.6505,34.43705],"漯河市":[114.0264,33.57585],"三门峡市":[111.1941,34.77734],"许昌市":[113.82606,34.02296],"焦作市":[113.23827,35.23904],"濮阳市":[115.0413,35.76823],"新乡市":[113.88399,35.30262],"鹤壁市":[114.29544,35.74824],"信阳市":[114.07503,32.12328],"安阳市":[114.35249,36.10344],"南阳市":[112.54092,32.99908],"驻马店市":[114.02473,32.98017],"周口市":[114.64965,33.62036],"拉萨市":[91.13221,29.66036],"山南地区":[91.76653,29.23602],"昌都市":[97.17845,31.13687],"那曲地区":[92.06021,31.476],"日喀则市":[88.88515,29.26752],"林芝市":[94.36235,29.65469],"阿里地区":[80.1055,32.50319],"成都市":[104.06574,30.65946],"自贡市":[104.77344,29.35276],"攀枝花市":[101.716,26.58045],"德阳市":[104.39865,31.12799],"泸州市":[105.44335,28.88914],"广元市":[105.82976,32.43367],"绵阳市":[104.74172,31.46402],"遂宁市":[105.57133,30.51331],"内江市":[105.06614,29.58708],"乐山市":[103.76126,29.58202],"宜宾市":[104.63082,28.76019],"南充市":[106.08298,30.79528],"达州市":[107.50226,31.20948],"雅安市":[103.00103,29.98772],"甘孜":[101.96381,30.05066],"阿坝":[102.22137,31.89979],"凉山":[102.25874,27.88676],"广安市":[106.63337,30.4564],"巴中市":[106.75367,31.85881],"眉山市":[103.83179,30.04832],"资阳市":[104.64191,30.12221],"万州区":[108.38025,30.80781],"西安市":[108.94802,34.26316],"宝鸡市":[107.14487,34.36932],"铜川市":[108.97961,34.91658],"咸阳市":[108.70512,34.33344],"渭南市":[109.50288,34.49938],"汉中市":[107.02862,33.07767],"安康市":[109.02927,32.6903],"延安市":[109.49081,36.59654],"商洛市":[109.93977,33.86832],"榆林市":[109.7412,38.29016],"六盘水市":[104.84674,26.58464],"贵阳市":[106.71348,26.57834],"遵义市":[106.93726,27.70663],"铜仁市":[109.19155,27.71835],"黔西南":[104.89797,25.08812],"安顺市":[105.93219,26.24554],"毕节市":[105.28501,27.30169],"黔东南":[107.97749,26.58335],"黔南":[107.51716,26.25822],"昆明市":[102.71225,25.04061],"曲靖市":[103.79785,25.50156],"昭通市":[103.71722,27.337],"楚雄彝族自治州":[101.54604,25.04199],"红河哈尼族彝族自治州":[103.38419,23.36678],"玉溪市":[102.54391,24.35046],"普洱市":[100.97234,22.77732],"文山壮族苗族自治州":[104.24401,23.36951],"西双版纳傣族自治州":[100.79794,22.00172],"大理白族自治州":[100.22567,25.58945],"保山市":[99.16713,25.1118],"德宏傣族景颇族自治州":[98.57836,24.43669],"丽江市":[100.23302,26.87211],"迪庆":[99.70647,27.82685],"怒江":[98.8543,25.85095],"临沧市":[100.08697,23.88657],"兰州市":[103.82355,36.05804],"嘉峪关市":[98.27731,39.78653],"白银市":[104.17361,36.54568],"金昌市":[102.18789,38.51424],"天水市":[105.725,34.57853],"酒泉市":[98.5108,39.74402],"张掖市":[100.45548,38.9329],"武威市":[102.6347,37.93],"定西市":[104.6263,35.57958],"陇南市":[104.92938,33.3886],"平凉市":[106.68469,35.54279],"临夏回族自治州":[103.21201,35.59945],"庆阳市":[107.63837,35.73422],"甘南藏族自治州":[102.91101,34.98636],"银川市":[106.27818,38.46637],"石嘴山市":[106.37618,39.01333],"固原市":[106.28524,36.00456],"吴忠":[106.19941,37.98616],"中卫":[105.18957,37.51495],"乌鲁木齐市":[87.61773,43.79282],"博州":[82.07478,44.90326],"克拉玛依市":[84.87395,45.59589],"伊犁":[81.31795,43.92186],"巴州":[86.15097,41.76855],"克州":[76.17283,39.71343],"吐鲁番市":[89.18407,42.94761],"哈密市":[93.51316,42.83325],